Parametro;Categoria;Valore
Prob_Dipendente;Lavoro;0.78
Prob_Giovane_20_35;Demografia;0.25
Prob_Adulto_36_55;Demografia;0.55
Prob_Anziano_56_65;Demografia;0.2
Homophily_Weight;Network;0.85
Prob_Base_Link;Network;0.15
BA_Edges_per_Node;Network;3.0
Tau_Giovane_Laureato;Network;0.4
Tau_Adulto_Base;Network;0.65
Tau_Anziano;Network;0.85
Reddito_Log_Media;Reddito;10.05
Reddito_Log_Sigma;Reddito;0.58
Prob_Evasione_Autonomo;Legalità;0.22
Prob_Evasione_Dipendente;Legalità;0.06
Prob_Laurea_Giovane;Istruzione;0.32
Prob_Laurea_Altri;Istruzione;0.18
FinLit_Laureati;Istruzione;0.65
FinLit_NonLaureati;Istruzione;0.35
